{"0.6056502173730303":{"user_id":10},"0.09263908648869679":{"user_id":9}}